1;Análisis Matemático I;5;;
2;Álgebra y Geometría Analítica;5;;
3;Física I;5;;
4;Inglés I;2;;
5;Lógica y Estructuras Discretas;3;;
6;Algoritmos y Estructuras de Datos;5;;
7;Arquitectura de Computadoras;4;;
8;Sistemas y Procesos de Negocio;3;;
9;Análisis Matemático II;5;1-2;
10;Física II;5;1-3;
11;Ingeniería y Sociedad;2;;
12;Inglés II;2;4;
13;Sintaxis y Semántica de los Lenguajes;4;5-6;
14;Paradigmas de Programación;4;5-6;
15;Sistemas Operativos;4;7;
16;Análisis de Sistemas de Información (integradora);6;6-8;
17;Probabilidad y Estadística;3;1-2;
18;Economía;3;;1-2
19;Bases de Datos;4;13-16;5-6
20;Desarrollo de Software;4;14-16;5-6
21;Comunicación de Datos;4;;3-7
22;Análisis Numérico;3;9;1-2
23;Diseño de Sistemas de Información (integradora);6;14-16;4-6-8
24;Legislación;2;11;
25;Ingeniería y Calidad de Software;3;19-20-23;13-14
26;Redes de Datos;4;15-21;
27;Investigación Operativa;4;17-22;
28;Simulación;3;17;9
29;Tecnologías para la automatización;3;10-22;9
30;Administración de Sistemas de Información (integradora);6;18-23;16
31;Inteligencia Artificial;3;28;17-22
32;Ciencia de Datos;3;28;17-19
33;Sistemas de Gestión;4;18-27;23
34;Gestión Gerencial;3;24-30;18
35;Seguridad en los Sistemas de Información;3;26-30;20-21
36;Proyecto Final (integradora);6;25-26-30;12-20-23
