subject_id,plan_code,subject_name,"1","2","3","4","5","6","7","8","9","10","11","12","13","14","15","16","17","18","19","20","21","22","23","24","25","26","27","28","29","30","31","32","33","34","35","36","ADUSI","E01","E02","E03","E04","E05","E06","E07","E08","E09","E10","E11","E12","E13","E14","E15","E16","E17","E18","E19","E20"
1,"1","Analisis Matematico I",0,60,60,60,60,60,60,60,0,0,65,65,65,65,65,65,0,0,50,50,50,0,50,35,35,35,0,0,0,0,0,0,0,0,0,0,40,52,52,0,52,40,40,40,40,40,40,0,28,28,0,28,0,0,16,0,52
2,"2","Algebra y Geometria Analitica",60,0,60,60,60,60,60,60,0,65,65,65,65,65,65,65,0,0,50,50,50,0,50,35,35,35,0,0,0,0,0,0,0,0,0,0,40,52,52,0,0,40,40,40,40,40,40,0,28,28,0,28,0,0,16,0,52
3,"3","Fisica I",60,60,0,60,60,60,60,60,65,0,65,65,65,65,65,65,50,50,50,50,0,50,50,35,35,0,35,35,0,35,20,20,20,20,0,0,40,52,52,52,52,40,40,40,40,40,40,0,28,28,28,28,0,16,16,16,52
4,"4","Ingles I",60,60,60,0,60,60,60,60,65,65,65,0,65,65,65,65,50,50,50,50,50,50,0,35,0,35,35,35,35,0,20,20,0,0,0,0,40,52,52,52,52,40,40,40,40,40,40,0,28,28,28,0,0,0,16,0,52
5,"5","Logica y Estructuras Discretas",60,60,60,60,0,60,60,60,65,65,65,65,0,0,65,65,50,50,0,0,50,50,0,35,0,35,35,35,35,0,20,0,0,0,0,0,0,0,0,52,52,0,40,0,0,40,40,0,28,0,28,0,0,0,16,0,52
6,"6","Algoritmos y Estructuras de Datos",60,60,60,60,60,0,60,60,65,65,65,65,0,0,65,0,50,50,0,0,50,50,0,35,0,35,35,35,35,0,20,0,0,0,0,0,0,0,0,0,52,0,0,0,0,40,0,0,0,0,28,0,0,0,0,0,52
7,"7","Arquitectura de Computadoras",60,60,60,60,60,60,0,60,65,65,65,65,65,65,0,65,50,50,50,50,0,50,50,35,35,0,35,35,35,35,20,20,20,20,0,0,40,52,52,52,52,0,0,40,40,40,40,0,0,28,28,28,0,16,16,16,52
8,"8","Sistemas y Procesos de Negocio",60,60,60,60,60,60,60,0,65,65,65,65,65,65,65,0,50,50,0,0,50,50,0,35,0,35,35,35,35,0,20,0,0,0,0,0,0,0,0,52,52,0,0,40,40,0,0,0,0,0,28,0,0,0,0,0,52
9,"9","Analisis Matematico II",0,0,65,65,65,65,65,65,0,74,70,70,70,70,70,70,82,82,70,70,70,0,70,55,55,55,0,0,0,57,0,0,0,42,41,41,56,66,66,74,72,56,56,56,56,56,56,59,44,44,52,44,0,34,32,0,66
10,"10","Fisica II",0,65,0,65,65,65,65,65,74,0,70,70,70,70,70,70,74,74,70,70,74,73,70,55,55,57,57,57,0,56,42,41,41,41,41,41,56,66,66,69,66,56,56,56,56,56,56,59,44,44,47,44,0,33,32,33,66
11,"11","Ingenieria y Sociedad",65,65,65,65,65,65,65,65,70,70,0,70,70,70,70,70,70,70,70,70,70,70,70,0,55,55,55,55,55,55,40,40,40,0,40,40,56,66,66,66,66,56,56,56,56,56,56,56,44,44,44,44,32,32,32,32,66
12,"12","Ingles II",65,65,65,0,65,65,65,65,70,70,70,0,70,70,70,70,70,70,70,70,70,70,72,55,56,55,55,55,55,56,40,40,41,41,41,0,56,66,66,66,66,56,56,56,56,56,56,58,44,44,44,45,33,33,32,33,66
13,"13","Sintaxis y Semantica de los Lenguajes",65,65,65,65,0,0,65,65,70,70,70,70,0,82,70,74,70,70,0,75,70,70,74,55,0,55,55,55,55,57,40,0,42,42,41,0,0,74,0,69,66,0,58,64,0,56,59,59,46,0,44,0,33,34,35,0,66
14,"14","Paradigmas de Programacion",65,65,65,65,0,0,65,65,70,70,70,70,82,0,70,74,70,70,75,0,70,70,0,55,0,55,55,55,55,0,40,42,0,0,0,0,0,74,72,69,66,0,58,0,0,56,59,59,46,0,44,0,0,0,35,0,66
15,"15","Sistemas Operativos",65,65,65,65,65,65,0,65,70,70,70,70,70,70,0,70,70,70,70,70,76,70,70,55,55,0,55,55,55,55,40,40,40,40,0,0,56,66,66,66,66,58,0,56,56,56,56,58,0,44,44,44,0,32,32,32,66
16,"16","Analisis de Sistemas de Informacion",65,65,65,65,65,0,65,0,70,70,70,70,74,74,70,0,70,70,0,0,70,70,0,55,0,55,55,55,55,0,40,0,0,0,0,0,0,74,72,69,66,60,62,59,58,62,0,59,0,0,44,0,0,0,0,0,66
17,"17","Probabilidad y Estadistica",0,0,50,50,50,50,50,50,82,74,70,70,70,70,70,70,0,92,80,80,80,88,80,75,75,75,0,0,79,77,0,0,0,62,61,61,74,56,56,64,62,74,74,74,74,74,74,77,60,60,0,60,0,50,48,0,56
18,"18","Economia",0,0,50,50,50,50,50,50,82,74,70,70,70,70,70,70,92,0,80,80,80,88,80,75,75,75,80,81,79,0,64,62,0,0,0,0,74,56,56,64,62,74,74,74,74,74,74,77,60,60,68,60,0,0,48,0,56
19,"19","Base de Datos",50,50,50,50,0,0,50,0,70,70,70,70,0,75,70,0,80,80,0,88,80,80,87,75,0,75,75,75,75,79,60,0,63,63,63,0,84,63,66,58,56,81,77,78,80,76,81,78,65,0,60,0,50,52,55,0,56
20,"20","Desarrollo de Software",50,50,50,50,0,0,50,0,70,70,70,70,75,0,70,0,80,80,88,0,80,80,90,75,0,75,75,75,75,81,60,64,64,65,0,0,84,63,62,58,56,81,77,81,80,76,81,78,65,69,60,0,51,53,55,0,56
21,"21","Comunicacion de Datos",50,50,0,50,50,50,0,50,70,74,70,70,70,70,76,70,80,80,80,80,0,80,80,75,75,0,75,75,77,75,60,60,60,60,0,0,74,56,56,56,56,76,76,74,74,74,74,77,62,60,60,60,49,48,48,48,56
22,"22","Analisis Numerico",0,0,50,50,50,50,50,50,0,73,70,70,70,70,70,70,88,88,80,80,80,0,80,75,75,75,0,84,0,77,0,63,0,62,61,61,74,56,56,62,60,74,74,74,74,74,74,77,60,60,66,60,0,50,48,0,56
23,"23","Diseno de Sistemas de Informacion",50,50,50,0,0,0,50,0,70,70,70,72,74,0,70,0,80,80,87,90,80,80,0,75,0,75,75,75,75,0,60,64,0,0,0,0,83,62,61,58,56,80,77,80,79,76,80,79,65,68,60,0,0,0,54,0,56
24,"24","Legislacion",35,35,35,35,35,35,35,35,55,55,0,55,55,55,55,55,75,75,75,75,75,75,75,0,90,90,90,90,90,90,80,80,80,0,80,80,60,44,44,44,44,60,60,60,60,60,60,60,82,82,82,82,64,64,64,64,44
25,"25","Ingenieria y Calidad de Software",35,35,35,0,0,0,35,0,55,55,55,56,0,0,55,0,75,75,0,0,75,75,0,90,0,90,90,90,90,96,80,85,85,85,85,0,67,48,49,45,44,65,62,64,65,61,64,63,85,90,82,0,68,70,68,0,44
26,"26","Redes de Datos",35,35,0,35,35,35,0,35,55,57,55,55,55,55,0,55,75,75,75,75,0,75,75,90,90,0,90,90,91,90,80,80,80,80,0,0,60,44,44,44,44,61,64,60,60,60,60,62,85,82,82,82,66,64,64,64,44
27,"27","Investigacion Operativa",0,0,35,35,35,35,35,35,0,57,55,55,55,55,55,55,0,80,75,75,75,0,75,90,90,90,0,100,97,92,90,84,0,82,81,81,60,44,44,48,46,60,60,60,60,60,60,62,82,82,89,82,67,66,64,0,44
28,"28","Simulacion",0,0,35,35,35,35,35,35,0,57,55,55,55,55,55,55,0,81,75,75,75,84,75,90,90,90,100,0,95,92,0,0,83,82,81,81,60,44,44,49,47,60,60,60,60,60,60,62,82,82,91,82,0,66,64,67,44
29,"29","Tecnologias para la Automatizacion",0,0,0,35,35,35,35,35,0,0,55,55,55,55,55,55,79,79,75,75,77,0,75,90,90,91,97,95,0,92,86,83,83,81,82,82,60,44,44,47,46,60,60,60,60,60,60,63,82,82,85,82,0,66,64,66,44
30,"30","Administracion de Sistemas de Informacion",0,0,35,0,0,0,35,0,57,56,55,56,57,0,55,0,77,0,79,81,75,77,0,90,96,90,92,92,92,0,82,85,89,0,0,0,65,48,47,48,45,64,62,64,63,61,64,66,85,87,84,88,0,0,68,0,44
31,"31","Inteligencia Artificial",0,0,20,20,20,20,20,20,0,42,40,40,40,40,40,40,0,64,60,60,60,0,60,80,80,80,90,0,86,82,0,100,100,100,100,100,48,32,32,35,34,48,48,48,48,48,48,50,64,64,70,64,94,92,90,93,32
32,"32","Ciencia de Datos",0,0,20,20,0,0,20,0,0,41,40,40,0,42,40,0,0,62,0,64,60,63,64,80,85,80,84,0,83,85,100,0,100,100,100,100,53,35,36,35,33,52,50,50,51,49,51,52,67,70,67,69,95,95,93,96,32
33,"33","Sistemas de Gestion",0,0,20,0,0,0,20,0,0,41,40,41,42,0,40,0,0,0,63,64,60,0,0,80,85,80,0,83,83,89,100,100,0,100,100,100,52,35,34,35,33,51,50,51,50,49,51,53,66,68,67,69,97,98,93,99,32
34,"34","Gestion Gerencial",0,0,20,0,0,0,20,0,42,41,0,41,42,0,40,0,62,0,63,65,60,62,0,0,85,80,82,82,81,0,100,100,100,0,100,100,52,35,35,35,33,51,50,51,51,49,51,53,66,68,66,69,96,100,93,96,32
35,"35","Seguridad en los Sistemas de Informacion",0,0,0,0,0,0,0,0,41,41,40,41,41,0,0,0,61,0,63,0,0,61,0,80,85,0,81,81,82,0,100,100,100,100,0,100,51,34,34,34,33,51,51,50,50,49,50,54,68,67,65,69,97,98,92,96,32
36,"36","Proyecto Final",0,0,0,0,0,0,0,0,41,41,40,0,0,0,0,0,61,0,0,0,0,61,0,80,0,0,81,81,82,0,100,100,100,100,100,0,51,34,34,34,33,51,50,50,50,49,50,53,67,68,65,70,96,96,92,97,32
37,"ADUSI","Seminario Integrador ADUSI",40,40,40,40,0,0,40,0,56,56,56,56,0,0,56,0,74,74,84,84,74,74,83,60,67,60,60,60,60,65,48,53,52,52,51,51,0,48,50,44,42,62,56,59,61,55,59,56,50,55,45,52,39,41,42,40,42
38,"E01","Entornos Graficos",52,52,52,52,0,0,52,0,66,66,66,66,74,74,66,74,56,56,63,63,56,56,62,44,48,44,44,44,44,48,32,35,35,35,34,34,48,0,56,49,47,48,47,48,47,46,48,47,37,38,33,36,26,27,30,26,47
39,"E02","Analisis y Diseno de Datos e Informacion",52,52,52,52,0,0,52,0,66,66,66,66,0,72,66,72,56,56,66,62,56,56,61,44,49,44,44,44,44,47,32,36,34,35,34,34,50,56,0,49,47,50,46,47,49,45,47,46,36,40,33,37,26,27,29,27,47
40,"E03","Sistemas de Informacion Geografica",0,0,52,52,52,0,52,52,74,69,66,66,69,69,66,69,64,64,58,58,56,62,58,44,45,44,48,49,47,48,35,35,35,35,34,34,44,49,49,0,51,44,44,44,44,42,44,47,35,34,39,34,26,27,26,26,47
41,"E04","Formacion de Emprendedores",52,0,52,52,52,52,52,52,72,66,66,66,66,66,66,66,62,62,56,56,56,60,56,44,44,44,46,47,46,45,34,33,33,33,33,33,42,47,47,51,0,42,42,42,42,42,42,44,33,33,37,33,25,25,24,25,47
42,"E05","Algoritmos Geneticos",40,40,40,40,0,0,0,0,56,56,56,56,0,0,58,60,74,74,81,81,76,74,80,60,65,61,60,60,60,64,48,52,51,51,51,51,62,48,50,44,42,0,58,59,61,55,56,58,50,53,45,50,39,40,39,39,42
43,"E06","Informatica Juridica",40,40,40,40,40,0,0,0,56,56,56,56,58,58,0,62,74,74,77,77,76,74,77,60,62,64,60,60,60,62,48,50,50,50,51,50,56,47,46,44,42,58,0,55,55,56,58,57,55,48,45,47,38,38,41,37,42
44,"E07","Lenguaje de Programacion JAVA",40,40,40,40,0,0,40,40,56,56,56,56,64,0,56,59,74,74,78,81,74,74,80,60,64,60,60,60,60,64,48,50,51,51,50,50,59,48,47,44,42,59,55,0,62,53,55,56,47,50,45,48,38,39,38,38,42
45,"E08","Tecnologias de Desarrollo de Software IDE",40,40,40,40,0,0,40,40,56,56,56,56,0,0,56,58,74,74,80,80,74,74,79,60,65,60,60,60,60,63,48,51,50,51,50,50,61,47,49,44,42,61,55,62,0,53,55,55,47,52,45,49,38,39,38,39,42
46,"E09","Gestion Ingenieril",40,40,40,40,40,40,40,0,56,56,56,56,56,56,56,62,74,74,76,76,74,74,76,60,61,60,60,60,60,61,48,49,49,49,49,49,55,46,45,42,42,55,56,53,53,0,57,55,47,47,45,46,37,37,40,37,42
47,"E10","Introduccion a la Practica Profesional",40,40,40,40,40,0,40,0,56,56,56,56,59,59,56,0,74,74,81,81,74,74,80,60,64,60,60,60,60,64,48,51,51,51,50,50,59,48,47,44,42,56,58,55,55,57,0,56,52,50,45,48,38,39,48,38,42
48,"E11","Quimica Aplicada a la Informatica",0,0,0,0,0,0,0,0,59,59,56,58,59,59,58,59,77,77,78,78,77,77,79,60,63,62,62,62,63,66,50,52,53,53,54,53,56,47,46,47,44,58,57,56,55,55,56,0,49,48,48,48,41,42,39,39,42
49,"E12","Infraestructura Tecnologica",28,28,28,28,28,0,0,0,44,44,44,44,46,46,0,0,60,60,65,65,62,60,65,82,85,85,82,82,82,85,64,67,66,66,68,67,50,37,36,35,33,50,55,47,47,47,52,49,0,63,59,62,51,51,55,50,33
50,"E13","Soporte a las Bases de Datos con Programacion Visual",28,28,28,28,0,0,28,0,44,44,44,44,0,0,44,0,60,60,0,69,60,60,68,82,90,82,82,82,82,87,64,70,68,68,67,68,55,38,40,34,33,53,48,50,52,47,50,48,63,0,59,67,51,53,53,52,33
51,"E14","Metodologia de la Investigacion",0,0,28,28,28,28,28,28,52,47,44,44,44,44,44,44,0,68,60,60,60,66,60,82,82,82,89,91,85,84,70,67,67,66,65,65,45,33,33,39,37,45,45,45,45,45,45,48,59,59,0,59,50,50,48,50,33
52,"E15","Metodologias Agiles en el Desarrollo de Software",28,28,28,0,0,0,28,0,44,44,44,45,0,0,44,0,60,60,0,0,60,60,0,82,0,82,82,82,82,88,64,69,69,69,69,70,52,36,37,34,33,50,47,48,49,46,48,48,62,67,59,0,52,54,51,55,33
53,"E16","Fabricacion Aditiva",0,0,0,0,0,0,0,0,0,0,32,33,33,0,0,0,0,0,50,51,49,0,0,64,68,66,67,0,0,0,94,95,97,96,97,96,39,26,26,26,25,39,38,38,38,37,38,41,51,51,50,52,0,72,67,72,24
54,"E17","Direccion de Recursos Humanos",0,0,16,0,0,0,16,0,34,33,32,33,34,0,32,0,50,0,52,53,48,50,0,64,70,64,66,66,66,0,92,95,98,100,98,96,41,27,27,27,25,40,38,39,39,37,39,42,51,53,50,54,72,0,68,72,24
55,"E18","Informatica en la Administracion Publica",16,16,16,16,16,0,16,0,32,32,32,32,35,35,32,0,48,48,55,55,48,48,54,64,68,64,64,64,64,68,90,93,93,93,92,92,42,30,29,26,24,39,41,38,38,40,48,39,55,53,48,51,67,68,0,67,24
56,"E19","Sistemas de Informacion Integrados para la Industria",0,0,16,0,0,0,16,0,0,33,32,33,0,0,32,0,0,0,0,0,48,0,0,64,0,64,0,67,66,0,93,96,99,96,96,97,40,26,27,26,25,39,37,38,39,37,38,39,50,52,50,55,72,72,67,0,24
57,"E20","Programacion Competitiva",52,52,52,52,52,52,52,52,66,66,66,66,66,66,66,66,56,56,56,56,56,56,56,44,44,44,44,44,44,44,32,32,32,32,32,32,42,47,47,47,47,42,42,42,42,42,42,42,33,33,33,33,24,24,24,24,0
