subject_id,plan_code,name,year,type,regular_prerequisites,approved_prerequisites
1,"1","Analisis Matematico I",1,"required","",""
2,"2","Algebra y Geometria Analitica",1,"required","",""
3,"3","Fisica I",1,"required","",""
4,"4","Ingles I",1,"required","",""
5,"5","Logica y Estructuras Discretas",1,"required","",""
6,"6","Algoritmos y Estructuras de Datos",1,"required","",""
7,"7","Arquitectura de Computadoras",1,"required","",""
8,"8","Sistemas y Procesos de Negocio",1,"required","",""
9,"9","Analisis Matematico II",2,"required","1|2",""
10,"10","Fisica II",2,"required","1|3",""
11,"11","Ingenieria y Sociedad",2,"required","",""
12,"12","Ingles II",2,"required","4",""
13,"13","Sintaxis y Semantica de los Lenguajes",2,"required","5|6",""
14,"14","Paradigmas de Programacion",2,"required","5|6",""
15,"15","Sistemas Operativos",2,"required","7",""
16,"16","Analisis de Sistemas de Informacion",2,"required","6|8",""
17,"17","Probabilidad y Estadistica",3,"required","1|2",""
18,"18","Economia",3,"required","","1|2"
19,"19","Base de Datos",3,"required","13|16","5|6"
20,"20","Desarrollo de Software",3,"required","14|16","5|6"
21,"21","Comunicacion de Datos",3,"required","","3|7"
22,"22","Analisis Numerico",3,"required","9","1|2"
23,"23","Diseno de Sistemas de Informacion",3,"required","14|16","4|6|8"
24,"24","Legislacion",4,"required","11",""
25,"25","Ingenieria y Calidad de Software",4,"required","19|20|23","13|14"
26,"26","Redes de Datos",4,"required","15|21",""
27,"27","Investigacion Operativa",4,"required","17|22",""
28,"28","Simulacion",4,"required","17","9"
29,"29","Tecnologias para la Automatizacion",4,"required","10|22","9"
30,"30","Administracion de Sistemas de Informacion",4,"required","18|23","16"
31,"31","Inteligencia Artificial",5,"required","28","17|22"
32,"32","Ciencia de Datos",5,"required","28","17|19"
33,"33","Sistemas de Gestion",5,"required","18|27","23"
34,"34","Gestion Gerencial",5,"required","24|30","18"
35,"35","Seguridad en los Sistemas de Informacion",5,"required","26|30","20|21"
36,"36","Proyecto Final",5,"required","25|26|30","12|20|23"
37,"ADUSI","Seminario Integrador ADUSI",3,"seminar","16","6|8|13|14"
38,"E01","Entornos Graficos",2,"elective","5","6|8"
39,"E02","Analisis y Diseno de Datos e Informacion",2,"elective","8|13","6"
40,"E03","Sistemas de Informacion Geografica",2,"elective","1|6","2"
41,"E04","Formacion de Emprendedores",2,"elective","","2"
42,"E05","Algoritmos Geneticos",3,"elective","13|14","5|6|7|8"
43,"E06","Informatica Juridica",3,"elective","15","6|7|8"
44,"E07","Lenguaje de Programacion JAVA",3,"elective","","14"
45,"E08","Tecnologias de Desarrollo de Software IDE",3,"elective","","5|13|14"
46,"E09","Gestion Ingenieril",3,"elective","","8"
47,"E10","Introduccion a la Practica Profesional",3,"elective","","16"
48,"E11","Quimica Aplicada a la Informatica",3,"elective","4|5|6|7|8","1|2|3"
49,"E12","Infraestructura Tecnologica",4,"elective","16","15"
50,"E13","Soporte a las Bases de Datos con Programacion Visual",4,"elective","19","13|14"
51,"E14","Metodologia de la Investigacion",4,"elective","17","17"
52,"E15","Metodologias Agiles en el Desarrollo de Software",4,"elective","25","14|16"
53,"E16","Fabricacion Aditiva",5,"elective","28|29|30","7|15|18"
54,"E17","Direccion de Recursos Humanos",5,"elective","30",""
55,"E18","Informatica en la Administracion Publica",5,"elective","16",""
56,"E19","Sistemas de Informacion Integrados para la Industria",5,"elective","25|27|30",""
57,"E20","Programacion Competitiva",2,"elective","",""
